{"cameraMode":{"drawMode":0,"name":"Shaded","section":"Shading Mode"},"sceneLighting":true,"audioPlay":false,"sceneViewState":{"m_AlwaysRefresh":false,"showFog":true,"showSkybox":true,"showFlares":true,"showImageEffects":true,"showParticleSystems":true,"showVisualEffectGraphs":true,"m_FxEnabled":true},"in2DMode":false,"pivot":{"x":0.8905560374259949,"y":0.9713016748428345,"z":-2.199448347091675},"rotation":{"x":-0.10732951015233994,"y":-0.3357402980327606,"z":0.03862589970231056,"w":-0.9350970983505249},"size":1.9217514991760255,"orthographic":false}