{"cameraMode":{"drawMode":0,"name":"Shaded","section":"Shading Mode"},"sceneLighting":true,"audioPlay":false,"sceneViewState":{"m_AlwaysRefresh":false,"showFog":true,"showSkybox":true,"showFlares":true,"showImageEffects":true,"showParticleSystems":true,"showVisualEffectGraphs":true,"m_FxEnabled":true},"in2DMode":false,"pivot":{"x":0.7356629967689514,"y":1.0470552444458008,"z":-4.090906143188477},"rotation":{"x":-0.2250775396823883,"y":0.3730190396308899,"z":-0.09380064159631729,"w":-0.8952757120132446},"size":0.49213549494743349,"orthographic":false}