{"cameraMode":{"drawMode":0,"name":"Shaded","section":"Shading Mode"},"sceneLighting":true,"audioPlay":false,"sceneViewState":{"m_AlwaysRefresh":false,"showFog":true,"showSkybox":true,"showFlares":true,"showImageEffects":true,"showParticleSystems":true,"showVisualEffectGraphs":true,"m_FxEnabled":true},"in2DMode":false,"pivot":{"x":1.4286143779754639,"y":0.9448320865631104,"z":-2.7353527545928957},"rotation":{"x":0.147018164396286,"y":-0.2684665024280548,"z":0.04135102778673172,"w":0.9512011408805847},"size":0.8037855625152588,"orthographic":false}