{"cameraMode":{"drawMode":0,"name":"Shaded","section":"Shading Mode"},"sceneLighting":true,"audioPlay":false,"sceneViewState":{"m_AlwaysRefresh":false,"showFog":true,"showSkybox":true,"showFlares":true,"showImageEffects":true,"showParticleSystems":true,"showVisualEffectGraphs":true,"m_FxEnabled":true},"in2DMode":false,"pivot":{"x":0.018061038106679918,"y":0.9957985281944275,"z":-3.7743682861328127},"rotation":{"x":-0.1385645717382431,"y":0.10585805028676987,"z":-0.014879358932375908,"w":-0.9846178293228149},"size":0.7272005081176758,"orthographic":false}